{"cameraMode":{"drawMode":0,"name":"Shaded","section":"Shading Mode"},"sceneLighting":true,"audioPlay":false,"sceneViewState":{"showFog":true,"showMaterialUpdate":false,"showSkybox":true,"showFlares":true,"showImageEffects":true,"showParticleSystems":true},"in2DMode":false,"pivot":{"x":0.037644803524017337,"y":0.5705965757369995,"z":0.6089134216308594},"rotation":{"x":0.0339832529425621,"y":0.9437491297721863,"z":-0.10261909663677216,"w":0.3125390112400055},"size":1.8604555130004883,"orthographic":false}