{"cameraMode":{"drawMode":0,"name":"Shaded","section":"Shading Mode"},"sceneLighting":false,"audioPlay":false,"sceneViewState":{"showFog":true,"showMaterialUpdate":false,"showSkybox":false,"showFlares":true,"showImageEffects":true,"showParticleSystems":true},"in2DMode":false,"pivot":{"x":-0.0004294076934456825,"y":0.12214125692844391,"z":-0.7919999957084656},"rotation":{"x":-0.10578808188438416,"y":-0.8914172649383545,"z":0.34659624099731448,"w":-0.272249311208725},"size":0.19449526071548463,"orthographic":false}