{"cameraMode":{"drawMode":0,"name":"Shaded","section":"Shading Mode"},"sceneLighting":false,"audioPlay":false,"sceneViewState":{"showFog":true,"showMaterialUpdate":false,"showSkybox":false,"showFlares":true,"showImageEffects":true,"showParticleSystems":true},"in2DMode":false,"pivot":{"x":-0.00000936165452003479,"y":0.2702358365058899,"z":-0.0003880634903907776},"rotation":{"x":-0.10578808188438416,"y":-0.8914172649383545,"z":0.34659624099731448,"w":-0.272249311208725},"size":0.5376144051551819,"orthographic":false}