{"cameraMode":{"drawMode":0,"name":"Shaded","section":"Shading Mode"},"sceneLighting":true,"audioPlay":false,"sceneViewState":{"showFog":true,"showMaterialUpdate":false,"showSkybox":true,"showFlares":true,"showImageEffects":true,"showParticleSystems":true},"in2DMode":false,"pivot":{"x":0.04047220200300217,"y":0.6501965522766113,"z":0.4426778256893158},"rotation":{"x":-0.43812862038612368,"y":-0.5497201681137085,"z":0.4190666675567627,"w":-0.5748071074485779},"size":0.9264115691184998,"orthographic":false}